{"score": 0.9931621455062147, "mse": 0.00021402021020492266, "loss": [0.013009198941290379, 0.003101375652477145, 0.0020698204170912504, 0.0016988193383440375, 0.0015357339289039373, 0.0014221911551430821, 0.0013489950215443969, 0.0012734283227473497, 0.0012253948953002691, 0.0011671329848468304, 0.0011380286887288094, 0.0011003119871020317, 0.001068597543053329, 0.0010243218857795, 0.000990676460787654, 0.0009567991946823895, 0.0009144431678578258, 0.0008828218560665846, 0.0008646349888294935, 0.0008380560320802033, 0.000810967234428972, 0.0007962457020767033, 0.0007837302982807159, 0.0007530301809310913, 0.000735103094484657, 0.0007227895548567176, 0.0007073528249748051, 0.0006959574529901147, 0.0006728580920025706, 0.0006731736939400434, 0.0006623576045967638, 0.0006466324557550251, 0.0006410066271200776, 0.0006292312755249441, 0.0006323111010715365, 0.0006154377479106188, 0.0006122936611063778, 0.0006071211537346244, 0.0006060050800442696, 0.000599337334278971], "valoss": [0.0006506311474367976, 0.0004715128743555397, 0.0003946450597140938, 0.00036697500036098063, 0.00035312786349095404, 0.00033374084159731865, 0.0003002758021466434, 0.0003610419516917318, 0.0002990541106555611, 0.000277735001873225, 0.00029433361487463117, 0.00026215656544081867, 0.0002690546971280128, 0.00027967573259957135, 0.0002471798215992749, 0.00023420799698214978, 0.00025699922116473317, 0.0002316569589311257, 0.0002600200823508203, 0.0002306048118043691, 0.00022876120056025684, 0.00023886942653916776, 0.00022485252702608705, 0.00022826615895610303, 0.00021932576783001423, 0.00024258438497781754, 0.00021582163753919303, 0.00022255658404901624, 0.0002134873648174107, 0.00022001180332154036, 0.00020173838129267097, 0.00020332080021034926, 0.00021490176732186228, 0.00022075220476835966, 0.00020080324611626565, 0.0002049866016022861, 0.0002203572221333161, 0.00022187076683621854, 0.0001971930032595992, 0.00021505262702703476]}