{"score": 0.9932554052263399, "mse": 0.00021088841777881852, "loss": [0.014241052027299864, 0.003463211279434096, 0.0023074620440796624, 0.0017830004019746134, 0.0015740313856323852, 0.0014603980641809658, 0.0013538890293716551, 0.00130277711894951, 0.001229108925699302, 0.0011848083298395889, 0.0011457750591010395, 0.0011231669846118967, 0.0010702590806455463, 0.0010317502534423826, 0.0009966966466542185, 0.0009674693455150842, 0.0009438635660867779, 0.0009133617081038752, 0.0008830962061424151, 0.0008648680468005673, 0.0008376516265313084, 0.0008333791280114711, 0.0007993095475139687, 0.0007836446188177919, 0.0007691152395690263, 0.0007558619037935083, 0.0007480211588142165, 0.0007361572501267829, 0.0007162712473992904, 0.0007050423262492259, 0.0007034846378544577, 0.0006823934111347427, 0.0006774122772684292, 0.0006643801269482176, 0.0006605660143020706, 0.0006553524997407379, 0.0006456842119312628, 0.0006464006950013247, 0.0006392344699356194, 0.0006303138290288021], "valoss": [0.00065093153604726, 0.0004730138217720011, 0.00037647158569984374, 0.00035452578066883964, 0.0003639247056864349, 0.0003313277483203909, 0.00031655522592525343, 0.0003014273816559782, 0.00031903180248236837, 0.00028524223319927825, 0.000277107611208878, 0.00027816553655936256, 0.00025618637905153033, 0.0002460969960497474, 0.00023992867656731618, 0.00025011178082975417, 0.00025497114697993966, 0.0002753647056198634, 0.0002684423194279932, 0.0002605245977176188, 0.00027863714669599735, 0.00022693533520588401, 0.00023213310457056532, 0.0002747216931251455, 0.00022776304606259294, 0.0002313489562389145, 0.00023222829674200327, 0.0002174976823001141, 0.00021916110988822195, 0.00021743829043172652, 0.00021013170657476429, 0.00021021707102209078, 0.0002261463578466931, 0.0002067261316556921, 0.00020888118320998446, 0.00021481651132230237, 0.0002302953544141392, 0.000206316701414209, 0.00020334632689630104, 0.0002108884199889064]}